{
  "gpt2": {
    "samples": [
      100,
      500,
      800,
      1000,
      1200
    ],
    "rms": [
      0.10929460210256947,
      0.06313306964033093,
      0.0008978684467498293,
      0.0007823254016270346,
      0.000767010059222487
    ],
    "baseline": [
      0.14355146008001912,
      0.14297498364971473,
      0.14259491108875563,
      0.14260214580504252,
      0.14259107096213183
    ]
  },
  "gpt2-medium": {
    "samples": [
      100,
      500,
      800,
      1000,
      1200
    ],
    "rms": [
      0.08775737516168065,
      0.06173363608697963,
      0.03881561521511294,
      0.011542985235563921,
      0.0006880624501125598
    ],
    "baseline": [
      0.1157066230196555,
      0.11525704158956414,
      0.11485304925535278,
      0.11469625370197821,
      0.11461882342039764
    ]
  },
  "distilgpt2": {
    "samples": [
      100,
      500,
      800,
      1000,
      1200
    ],
    "rms": [
      0.10473719509806302,
      0.059074022995646465,
      0.0007765507965934018,
      0.0007673392610628497,
      0.0007664219159606786
    ],
    "baseline": [
      0.14037696186734858,
      0.13981570049824843,
      0.13945617191651322,
      0.1394332377798219,
      0.13943847111902025
    ]
  },
  "Qwen/Qwen2.5-0.5B": {
    "samples": [
      100,
      500,
      800,
      1000,
      1200
    ],
    "rms": [
      0.01355105149486774,
      0.00944069792501176,
      0.004692404627067021,
      4.3381300811622954e-07,
      2.769377980685049e-07
    ],
    "baseline": [
      0.015607447290278461,
      0.015587118421602549,
      0.015571774746621348,
      0.015566214361610065,
      0.015566625567298452
    ]
  }
}