{
  "gpt2": {
    "k": [
      "Full",
      "256",
      "64"
    ],
    "rms": [
      27.250747680664062,
      59.99446487426758,
      37.983333587646484
    ]
  },
  "gpt2-medium": {
    "k": [
      "Full",
      "256",
      "64"
    ],
    "rms": [
      15.293463706970215,
      31.143278121948242,
      18.822757720947266
    ]
  },
  "distilgpt2": {
    "k": [
      "Full",
      "256",
      "64"
    ],
    "rms": [
      16.475645065307617,
      28.938247680664062,
      19.541595458984375
    ]
  },
  "Qwen/Qwen2.5-0.5B": {
    "k": [
      "Full",
      "256",
      "64"
    ],
    "rms": [
      0.8860383033752441,
      0.21718649566173553,
      0.14577148854732513
    ]
  }
}